-- MySQL dump 10.13  Distrib 8.0.22, for Win64 (x86_64)
--
-- Host: 127.0.0.1    Database: phoenix-v2
-- ------------------------------------------------------
-- Server version	8.0.22

/*!40101 SET @OLD_CHARACTER_SET_CLIENT=@@CHARACTER_SET_CLIENT */;
/*!40101 SET @OLD_CHARACTER_SET_RESULTS=@@CHARACTER_SET_RESULTS */;
/*!40101 SET @OLD_COLLATION_CONNECTION=@@COLLATION_CONNECTION */;
/*!50503 SET NAMES utf8 */;
/*!40103 SET @OLD_TIME_ZONE=@@TIME_ZONE */;
/*!40103 SET TIME_ZONE='+00:00' */;
/*!40014 SET @OLD_UNIQUE_CHECKS=@@UNIQUE_CHECKS, UNIQUE_CHECKS=0 */;
/*!40014 SET @OLD_FOREIGN_KEY_CHECKS=@@FOREIGN_KEY_CHECKS, FOREIGN_KEY_CHECKS=0 */;
/*!40101 SET @OLD_SQL_MODE=@@SQL_MODE, SQL_MODE='NO_AUTO_VALUE_ON_ZERO' */;
/*!40111 SET @OLD_SQL_NOTES=@@SQL_NOTES, SQL_NOTES=0 */;

--
-- Dumping data for table `fw_exception`
--

LOCK TABLES `fw_exception` WRITE;
/*!40000 ALTER TABLE `fw_exception` DISABLE KEYS */;
INSERT INTO `fw_exception` VALUES (1,'AUTH_001','Wrong user credentials',400),(2,'AUTH_002','Your account has been locked',401),(3,'AUTH_003','Your account has expired',401),(4,'AUTH_004','Access denied, You do not have permission to access this feature.',403),(5,'DB_001','There was an error saving data to the database',500),(6,'AUTH_005','Invalid JWT refresh token',400),(7,'COM_001','Bad request',400),(8,'COM_002','Internal error',500);
/*!40000 ALTER TABLE `fw_exception` ENABLE KEYS */;
UNLOCK TABLES;

--
-- Dumping data for table `fw_menu`
--

LOCK TABLES `fw_menu` WRITE;
/*!40000 ALTER TABLE `fw_menu` DISABLE KEYS */;
INSERT INTO `fw_menu` VALUES (1,'Admin','/admin',NULL,0,NULL,'[1,2]',0,'mdi-account-circle'),(2,'Settings','/settings',NULL,1,NULL,'[1,2]',0,'mdi-cog'),(3,'Config','/config',1,1,NULL,'[1,2]',0,'mdi-cog-transfer'),(4,'Manage','/manage',1,0,NULL,'[1,2]',0,'mdi-account-supervisor-circle'),(5,'Users','/user',4,0,NULL,'[1,2]',0,'mdi-account'),(6,'Groups','/group',4,1,NULL,'[1,2]',0,'mdi-account-multiple'),(7,'Authority','authority',4,2,NULL,'[1,2]',0,'mdi-account-key');
/*!40000 ALTER TABLE `fw_menu` ENABLE KEYS */;
UNLOCK TABLES;

--
-- Dumping data for table `fw_resource_action`
--

LOCK TABLES `fw_resource_action` WRITE;
/*!40000 ALTER TABLE `fw_resource_action` DISABLE KEYS */;
INSERT INTO `fw_resource_action` VALUES (1,'update','com.phoenix.api.business.services.imp.UserServiceImp',NULL),(2,'delete','com.phoenix.api.business.services.imp.UserServiceImp',NULL),(3,'create','com.phoenix.api.business.services.imp.UserServiceImp',NULL),(4,'deleteAll','com.phoenix.api.business.services.imp.UserServiceImp',NULL),(5,'findByCondition','com.phoenix.api.business.services.imp.UserServiceImp',NULL),(6,'countByCondition','com.phoenix.api.business.services.imp.UserServiceImp',NULL);
/*!40000 ALTER TABLE `fw_resource_action` ENABLE KEYS */;
UNLOCK TABLES;

--
-- Dumping data for table `fw_user`
--

LOCK TABLES `fw_user` WRITE;
/*!40000 ALTER TABLE `fw_user` DISABLE KEYS */;
INSERT INTO `fw_user` VALUES (1,'raw','123456',NULL,NULL,NULL,'58991ca6-b7d9-452f-8b40-33db1a33d0cb',1,'admin','NONE','2021-07-23 22:55:24','NONE','2021-08-31 21:37:27'),(2,'raw','123456',NULL,NULL,NULL,'a35511e3-ccb6-4ba3-a21b-484c3716091c',1,'user','NONE','2021-07-23 22:55:24','NONE','2021-08-11 00:28:14'),(3,'raw','123456',NULL,NULL,NULL,'25516805-6a92-4e64-9230-45c74a53fff9',1,'student_01','NONE','2021-07-23 22:55:24','NONE','2021-07-24 12:43:28'),(4,'raw','123456',NULL,NULL,NULL,'25516805-6a92-4e64-9230-45c74a53fff9',1,'student_02','NONE','2021-07-23 22:55:24','NONE','2021-07-24 12:43:28'),(5,'raw','123456',NULL,NULL,NULL,'25516805-6a92-4e64-9230-45c74a53fff9',1,'teacher_01','NONE','2021-07-23 22:55:24','NONE','2021-07-24 12:43:28');
/*!40000 ALTER TABLE `fw_user` ENABLE KEYS */;
UNLOCK TABLES;

--
-- Dumping data for table `fw_user_group`
--

LOCK TABLES `fw_user_group` WRITE;
/*!40000 ALTER TABLE `fw_user_group` DISABLE KEYS */;
INSERT INTO `fw_user_group` VALUES (1,'STUDENT'),(2,'TEACHER');
/*!40000 ALTER TABLE `fw_user_group` ENABLE KEYS */;
UNLOCK TABLES;

--
-- Dumping data for table `fw_user_group_mapping`
--

LOCK TABLES `fw_user_group_mapping` WRITE;
/*!40000 ALTER TABLE `fw_user_group_mapping` DISABLE KEYS */;
INSERT INTO `fw_user_group_mapping` VALUES (1,1),(3,1),(4,1),(1,2),(5,2);
/*!40000 ALTER TABLE `fw_user_group_mapping` ENABLE KEYS */;
UNLOCK TABLES;

--
-- Dumping data for table `fw_user_group_resource_action_mapping`
--

LOCK TABLES `fw_user_group_resource_action_mapping` WRITE;
/*!40000 ALTER TABLE `fw_user_group_resource_action_mapping` DISABLE KEYS */;
INSERT INTO `fw_user_group_resource_action_mapping` VALUES (1,2),(2,2),(3,2),(4,2),(5,2),(6,2);
/*!40000 ALTER TABLE `fw_user_group_resource_action_mapping` ENABLE KEYS */;
UNLOCK TABLES;

--
-- Dumping data for table `fw_user_status`
--

LOCK TABLES `fw_user_status` WRITE;
/*!40000 ALTER TABLE `fw_user_status` DISABLE KEYS */;
INSERT INTO `fw_user_status` VALUES (1,'T√†i kho·∫£n ƒë√£ ƒë∆∞·ª£c k√≠ch ho·∫°t','ENABLED'),(2,'T√†i kho·∫£n ƒë√£ b·ªã kh√≥a','LOCKED'),(3,'T√†i kho·∫£n ƒë√£ h·∫øt h·∫°n','EXPIRED');
/*!40000 ALTER TABLE `fw_user_status` ENABLE KEYS */;
UNLOCK TABLES;

--
-- Dumping data for table `profile`
--

LOCK TABLES `profile` WRITE;
/*!40000 ALTER TABLE `profile` DISABLE KEYS */;
INSERT INTO `profile` VALUES (1,'Cyb Dignam','2021-07-23','MALE','719-906-1288','https://robohash.org/temporereprehenderitipsam.png?size=500x500&set=set1',1),(2,'ADaphna Sanbrooke','1998-01-23','FEMALE','193-887-1222','https://robohash.org/liberovoluptasid.png?size=500x500&set=set1',2);
/*!40000 ALTER TABLE `profile` ENABLE KEYS */;
UNLOCK TABLES;

--
-- Dumping data for table `spring_session`
--

LOCK TABLES `spring_session` WRITE;
/*!40000 ALTER TABLE `spring_session` DISABLE KEYS */;
INSERT INTO `spring_session` VALUES ('0884cf8f-8a69-41b0-85da-cce57da252af','1a3b575a-fb41-4bbe-89a1-92fc5ed17de3',1630428014446,1630428014446,1800,1630429814446,'admin'),('1148b7d8-b6f2-427d-971a-8d217e535370','0d13ddd9-3609-46e4-a8bd-440529765b40',1630428180546,1630428180546,1800,1630429980546,'admin'),('39651853-2751-4e69-85ff-a1aaff2d2d96','a306af43-00ad-40c0-8356-5577b4e10667',1630428613945,1630428613945,1800,1630430413945,'admin'),('3a87ad13-51f5-4989-817a-12db10f69abc','d383a9d7-99c2-4c87-9a07-47543048caf1',1630428182780,1630428182780,1800,1630429982780,'admin'),('3f83b1dd-0eea-43bf-8ad2-2b623a577dcf','99cd317f-329b-4662-8784-311d9e0e4fda',1630428016463,1630428016463,1800,1630429816463,'admin'),('457512a1-cc73-43f0-bae2-c82450ac33a6','2e2c2cc7-6bb8-4edf-b96b-18876644d926',1630428682410,1630428682410,1800,1630430482410,'admin'),('4711283a-9850-477d-9fab-93434156f4df','5d66641e-0482-4924-bd31-08dd1cac3c50',1630428449808,1630428449809,1800,1630430249809,'admin'),('4ad6ba3e-b544-46d0-b8a8-b6ccef36bb76','c8193994-14ea-468a-af3c-33a17ee420ed',1630428154486,1630428154486,1800,1630429954486,'admin'),('4ae4a5d7-cc4c-49de-9e2e-cda80a80180b','e2a0817f-48be-48e4-89e2-9ff75abb2159',1630428084680,1630428084680,1800,1630429884680,'admin'),('5324f4de-de9f-4863-8c80-09bf9ad02fdf','c34e19b9-e08c-4268-bd03-ce3c12b61181',1630427728070,1630427728070,1800,1630429528070,'admin'),('546cb549-1327-4076-b80e-a3cf57e6ecdb','2e3eafd8-50cf-43ba-a4e5-50bf9dfff46b',1630428103627,1630428103627,1800,1630429903627,'admin'),('5c5200ea-14bf-4add-a69a-ea1ebfd76d61','eab28297-b2ee-43cd-83b7-3ea59b3a44df',1630427958085,1630427958085,1800,1630429758085,'admin'),('65e9feb5-ff18-42c0-8476-c37dca9039d0','579028b1-c27e-4386-9a73-0c5e757136d4',1630427753033,1630427753033,1800,1630429553033,'admin'),('689a8ad5-3be6-44dd-8a1d-b0258fe1debb','7802238e-7ca3-4d69-8a2c-909f9c904f0a',1630428156510,1630428156510,1800,1630429956510,'admin'),('6e521224-e91f-47d6-aca9-aaa0a5b3e475','5c65c712-2736-428b-addf-9ccfbeae83f4',1630427749511,1630427749511,1800,1630429549511,'admin'),('7334084b-a2e2-45f0-b6a9-839317672fb2','88dcdc62-b5bc-40ed-80d4-70dc2d1fc2be',1630427813605,1630427813605,1800,1630429613605,'admin'),('81f4dc77-bbd4-400d-b158-11b714417828','129a2a09-e6c8-407c-83fc-b1109bfcf696',1630427811498,1630427811498,1800,1630429611498,'admin'),('84f7b2fe-6021-40bd-b0cb-cbc071eb529f','05d1130e-ea26-498f-b60a-704e9876840a',1630427918302,1630427918302,1800,1630429718302,'admin'),('89b244bb-959b-4d0f-b605-ec20972a7570','8638f1f7-ae65-4304-bb9e-c9ed441597eb',1630428624578,1630428624578,1800,1630430424578,'admin'),('9311815b-a839-49e4-a9bb-8a5dddf1e77b','4d93a762-f3f5-4398-8b12-c560b135d165',1630428082690,1630428082690,1800,1630429882690,'admin'),('a501e85c-7644-4b28-8f4f-73bd9b776ebc','9d27f39f-333b-4f5f-9dcc-9a4eada6de11',1630428246082,1630428246082,1800,1630430046082,'admin'),('adbba789-c196-43f5-8674-f3ac13722a5a','30f77451-5a86-4db4-92ee-99e52f17ad1d',1630427916233,1630427916233,1800,1630429716233,'admin'),('b7d3a1c5-aaf1-42cf-9909-248d79a1a048','239d555b-d4b0-43fb-9fdd-38e864cb0ef0',1630427723660,1630427723661,1800,1630429523661,'admin'),('bdf02726-a559-4586-aa08-5f37203f8306','67336646-0690-4566-aa44-429862f232d1',1630428244116,1630428244116,1800,1630430044116,'admin'),('ce7cab0e-2e78-4f86-b0b3-4f15ad2c8c8a','db47ff35-a9b6-43d3-8ab5-71cd5c368b19',1630428626605,1630428626605,1800,1630430426605,'admin'),('db2f9316-e9a1-42cb-a08e-c986946753ad','b50351f6-4df8-4053-81be-542c796178ed',1630428680220,1630428680220,1800,1630430480220,'admin'),('dbe09300-2da2-42f1-8b5f-07044ff6daa6','ea48cfa4-665a-4e72-85bf-57a52f243d83',1630428101565,1630428101565,1800,1630429901565,'admin'),('f1674775-2e0d-44ff-9e96-a7b47f33f132','6025c63c-4299-465d-8459-9ea84dd3450d',1630428616118,1630428616118,1800,1630430416118,'admin'),('fbd1ae83-8899-42c9-b9c4-0cca54fa803c','8783fa28-9bc8-4fe2-bb85-ad77b0ecfd72',1630427960140,1630427960140,1800,1630429760140,'admin'),('ff42389c-ffcb-4cb1-b56f-d26a60911d67','b09db848-9b60-4e0f-ba9f-d7bb6236bd1b',1630428447833,1630428447833,1800,1630430247833,'admin');
/*!40000 ALTER TABLE `spring_session` ENABLE KEYS */;
UNLOCK TABLES;

--
-- Dumping data for table `spring_session_attributes`
--

LOCK TABLES `spring_session_attributes` WRITE;
/*!40000 ALTER TABLE `spring_session_attributes` DISABLE KEYS */;
INSERT INTO `spring_session_attributes` VALUES ('0884cf8f-8a69-41b0-85da-cce57da252af','SPRING_SECURITY_CONTEXT',_binary '¨\Ì\0sr\0=org.springframework.security.core.context.SecurityContextImpl\0\0\0\0\0\0&\0L\0authenticationt\02Lorg/springframework/security/core/Authentication;xpsr\0Oorg.springframework.security.authentication.UsernamePasswordAuthenticationToken\0\0\0\0\0\0&\0L\0credentialst\0Ljava/lang/Object;L\0	principalq\0~\0xr\0Gorg.springframework.security.authentication.AbstractAuthenticationToken”™(~nGd\0Z\0\rauthenticatedL\0authoritiest\0Ljava/util/Collection;L\0detailsq\0~\0xpsr\0&java.util.Collections$UnmodifiableList¸%1µ\Ïé\0L\0listt\0Ljava/util/List;xr\0,java.util.Collections$UnmodifiableCollectionB\0Ä\À^˜\0L\0cq\0~\0xpsr\0java.util.ArrayListxÅ\“ô\«aù\0I\0sizexp\0\0\0w\0\0\0sr\0Borg.springframework.security.core.authority.SimpleGrantedAuthority\0\0\0\0\0\0&\0L\0rolet\0Ljava/lang/String;xpt\01sq\0~\0t\02xq\0~\0\rsr\0Horg.springframework.security.web.authentication.WebAuthenticationDetails\0\0\0\0\0\0&\0L\0\rremoteAddressq\0~\0L\0	sessionIdq\0~\0xpt\0	127.0.0.1pt\0{raw}123456t\0admin'),('1148b7d8-b6f2-427d-971a-8d217e535370','SPRING_SECURITY_CONTEXT',_binary '¨\Ì\0sr\0=org.springframework.security.core.context.SecurityContextImpl\0\0\0\0\0\0&\0L\0authenticationt\02Lorg/springframework/security/core/Authentication;xpsr\0Oorg.springframework.security.authentication.UsernamePasswordAuthenticationToken\0\0\0\0\0\0&\0L\0credentialst\0Ljava/lang/Object;L\0	principalq\0~\0xr\0Gorg.springframework.security.authentication.AbstractAuthenticationToken”™(~nGd\0Z\0\rauthenticatedL\0authoritiest\0Ljava/util/Collection;L\0detailsq\0~\0xpsr\0&java.util.Collections$UnmodifiableList¸%1µ\Ïé\0L\0listt\0Ljava/util/List;xr\0,java.util.Collections$UnmodifiableCollectionB\0Ä\À^˜\0L\0cq\0~\0xpsr\0java.util.ArrayListxÅ\“ô\«aù\0I\0sizexp\0\0\0w\0\0\0sr\0Borg.springframework.security.core.authority.SimpleGrantedAuthority\0\0\0\0\0\0&\0L\0rolet\0Ljava/lang/String;xpt\01sq\0~\0t\02xq\0~\0\rsr\0Horg.springframework.security.web.authentication.WebAuthenticationDetails\0\0\0\0\0\0&\0L\0\rremoteAddressq\0~\0L\0	sessionIdq\0~\0xpt\0	127.0.0.1pt\0{raw}123456t\0admin'),('39651853-2751-4e69-85ff-a1aaff2d2d96','SPRING_SECURITY_CONTEXT',_binary '¨\Ì\0sr\0=org.springframework.security.core.context.SecurityContextImpl\0\0\0\0\0\0&\0L\0authenticationt\02Lorg/springframework/security/core/Authentication;xpsr\0Oorg.springframework.security.authentication.UsernamePasswordAuthenticationToken\0\0\0\0\0\0&\0L\0credentialst\0Ljava/lang/Object;L\0	principalq\0~\0xr\0Gorg.springframework.security.authentication.AbstractAuthenticationToken”™(~nGd\0Z\0\rauthenticatedL\0authoritiest\0Ljava/util/Collection;L\0detailsq\0~\0xpsr\0&java.util.Collections$UnmodifiableList¸%1µ\Ïé\0L\0listt\0Ljava/util/List;xr\0,java.util.Collections$UnmodifiableCollectionB\0Ä\À^˜\0L\0cq\0~\0xpsr\0java.util.ArrayListxÅ\“ô\«aù\0I\0sizexp\0\0\0w\0\0\0sr\0Borg.springframework.security.core.authority.SimpleGrantedAuthority\0\0\0\0\0\0&\0L\0rolet\0Ljava/lang/String;xpt\01sq\0~\0t\02xq\0~\0\rsr\0Horg.springframework.security.web.authentication.WebAuthenticationDetails\0\0\0\0\0\0&\0L\0\rremoteAddressq\0~\0L\0	sessionIdq\0~\0xpt\0	127.0.0.1pt\0{raw}123456t\0admin'),('3a87ad13-51f5-4989-817a-12db10f69abc','SPRING_SECURITY_CONTEXT',_binary '¨\Ì\0sr\0=org.springframework.security.core.context.SecurityContextImpl\0\0\0\0\0\0&\0L\0authenticationt\02Lorg/springframework/security/core/Authentication;xpsr\0Oorg.springframework.security.authentication.UsernamePasswordAuthenticationToken\0\0\0\0\0\0&\0L\0credentialst\0Ljava/lang/Object;L\0	principalq\0~\0xr\0Gorg.springframework.security.authentication.AbstractAuthenticationToken”™(~nGd\0Z\0\rauthenticatedL\0authoritiest\0Ljava/util/Collection;L\0detailsq\0~\0xpsr\0&java.util.Collections$UnmodifiableList¸%1µ\Ïé\0L\0listt\0Ljava/util/List;xr\0,java.util.Collections$UnmodifiableCollectionB\0Ä\À^˜\0L\0cq\0~\0xpsr\0java.util.ArrayListxÅ\“ô\«aù\0I\0sizexp\0\0\0w\0\0\0sr\0Borg.springframework.security.core.authority.SimpleGrantedAuthority\0\0\0\0\0\0&\0L\0rolet\0Ljava/lang/String;xpt\01sq\0~\0t\02xq\0~\0\rsr\0Horg.springframework.security.web.authentication.WebAuthenticationDetails\0\0\0\0\0\0&\0L\0\rremoteAddressq\0~\0L\0	sessionIdq\0~\0xpt\0	127.0.0.1pt\0{raw}123456t\0admin'),('3f83b1dd-0eea-43bf-8ad2-2b623a577dcf','SPRING_SECURITY_CONTEXT',_binary '¨\Ì\0sr\0=org.springframework.security.core.context.SecurityContextImpl\0\0\0\0\0\0&\0L\0authenticationt\02Lorg/springframework/security/core/Authentication;xpsr\0Oorg.springframework.security.authentication.UsernamePasswordAuthenticationToken\0\0\0\0\0\0&\0L\0credentialst\0Ljava/lang/Object;L\0	principalq\0~\0xr\0Gorg.springframework.security.authentication.AbstractAuthenticationToken”™(~nGd\0Z\0\rauthenticatedL\0authoritiest\0Ljava/util/Collection;L\0detailsq\0~\0xpsr\0&java.util.Collections$UnmodifiableList¸%1µ\Ïé\0L\0listt\0Ljava/util/List;xr\0,java.util.Collections$UnmodifiableCollectionB\0Ä\À^˜\0L\0cq\0~\0xpsr\0java.util.ArrayListxÅ\“ô\«aù\0I\0sizexp\0\0\0w\0\0\0sr\0Borg.springframework.security.core.authority.SimpleGrantedAuthority\0\0\0\0\0\0&\0L\0rolet\0Ljava/lang/String;xpt\01sq\0~\0t\02xq\0~\0\rsr\0Horg.springframework.security.web.authentication.WebAuthenticationDetails\0\0\0\0\0\0&\0L\0\rremoteAddressq\0~\0L\0	sessionIdq\0~\0xpt\0	127.0.0.1pt\0{raw}123456t\0admin'),('457512a1-cc73-43f0-bae2-c82450ac33a6','SPRING_SECURITY_CONTEXT',_binary '¨\Ì\0sr\0=org.springframework.security.core.context.SecurityContextImpl\0\0\0\0\0\0&\0L\0authenticationt\02Lorg/springframework/security/core/Authentication;xpsr\0Oorg.springframework.security.authentication.UsernamePasswordAuthenticationToken\0\0\0\0\0\0&\0L\0credentialst\0Ljava/lang/Object;L\0	principalq\0~\0xr\0Gorg.springframework.security.authentication.AbstractAuthenticationToken”™(~nGd\0Z\0\rauthenticatedL\0authoritiest\0Ljava/util/Collection;L\0detailsq\0~\0xpsr\0&java.util.Collections$UnmodifiableList¸%1µ\Ïé\0L\0listt\0Ljava/util/List;xr\0,java.util.Collections$UnmodifiableCollectionB\0Ä\À^˜\0L\0cq\0~\0xpsr\0java.util.ArrayListxÅ\“ô\«aù\0I\0sizexp\0\0\0w\0\0\0sr\0Borg.springframework.security.core.authority.SimpleGrantedAuthority\0\0\0\0\0\0&\0L\0rolet\0Ljava/lang/String;xpt\01sq\0~\0t\02xq\0~\0\rsr\0Horg.springframework.security.web.authentication.WebAuthenticationDetails\0\0\0\0\0\0&\0L\0\rremoteAddressq\0~\0L\0	sessionIdq\0~\0xpt\0	127.0.0.1pt\0{raw}123456t\0admin'),('4711283a-9850-477d-9fab-93434156f4df','SPRING_SECURITY_CONTEXT',_binary '¨\Ì\0sr\0=org.springframework.security.core.context.SecurityContextImpl\0\0\0\0\0\0&\0L\0authenticationt\02Lorg/springframework/security/core/Authentication;xpsr\0Oorg.springframework.security.authentication.UsernamePasswordAuthenticationToken\0\0\0\0\0\0&\0L\0credentialst\0Ljava/lang/Object;L\0	principalq\0~\0xr\0Gorg.springframework.security.authentication.AbstractAuthenticationToken”™(~nGd\0Z\0\rauthenticatedL\0authoritiest\0Ljava/util/Collection;L\0detailsq\0~\0xpsr\0&java.util.Collections$UnmodifiableList¸%1µ\Ïé\0L\0listt\0Ljava/util/List;xr\0,java.util.Collections$UnmodifiableCollectionB\0Ä\À^˜\0L\0cq\0~\0xpsr\0java.util.ArrayListxÅ\“ô\«aù\0I\0sizexp\0\0\0w\0\0\0sr\0Borg.springframework.security.core.authority.SimpleGrantedAuthority\0\0\0\0\0\0&\0L\0rolet\0Ljava/lang/String;xpt\01sq\0~\0t\02xq\0~\0\rsr\0Horg.springframework.security.web.authentication.WebAuthenticationDetails\0\0\0\0\0\0&\0L\0\rremoteAddressq\0~\0L\0	sessionIdq\0~\0xpt\0	127.0.0.1pt\0{raw}123456t\0admin'),('4ad6ba3e-b544-46d0-b8a8-b6ccef36bb76','SPRING_SECURITY_CONTEXT',_binary '¨\Ì\0sr\0=org.springframework.security.core.context.SecurityContextImpl\0\0\0\0\0\0&\0L\0authenticationt\02Lorg/springframework/security/core/Authentication;xpsr\0Oorg.springframework.security.authentication.UsernamePasswordAuthenticationToken\0\0\0\0\0\0&\0L\0credentialst\0Ljava/lang/Object;L\0	principalq\0~\0xr\0Gorg.springframework.security.authentication.AbstractAuthenticationToken”™(~nGd\0Z\0\rauthenticatedL\0authoritiest\0Ljava/util/Collection;L\0detailsq\0~\0xpsr\0&java.util.Collections$UnmodifiableList¸%1µ\Ïé\0L\0listt\0Ljava/util/List;xr\0,java.util.Collections$UnmodifiableCollectionB\0Ä\À^˜\0L\0cq\0~\0xpsr\0java.util.ArrayListxÅ\“ô\«aù\0I\0sizexp\0\0\0w\0\0\0sr\0Borg.springframework.security.core.authority.SimpleGrantedAuthority\0\0\0\0\0\0&\0L\0rolet\0Ljava/lang/String;xpt\01sq\0~\0t\02xq\0~\0\rsr\0Horg.springframework.security.web.authentication.WebAuthenticationDetails\0\0\0\0\0\0&\0L\0\rremoteAddressq\0~\0L\0	sessionIdq\0~\0xpt\0	127.0.0.1pt\0{raw}123456t\0admin'),('4ae4a5d7-cc4c-49de-9e2e-cda80a80180b','SPRING_SECURITY_CONTEXT',_binary '¨\Ì\0sr\0=org.springframework.security.core.context.SecurityContextImpl\0\0\0\0\0\0&\0L\0authenticationt\02Lorg/springframework/security/core/Authentication;xpsr\0Oorg.springframework.security.authentication.UsernamePasswordAuthenticationToken\0\0\0\0\0\0&\0L\0credentialst\0Ljava/lang/Object;L\0	principalq\0~\0xr\0Gorg.springframework.security.authentication.AbstractAuthenticationToken”™(~nGd\0Z\0\rauthenticatedL\0authoritiest\0Ljava/util/Collection;L\0detailsq\0~\0xpsr\0&java.util.Collections$UnmodifiableList¸%1µ\Ïé\0L\0listt\0Ljava/util/List;xr\0,java.util.Collections$UnmodifiableCollectionB\0Ä\À^˜\0L\0cq\0~\0xpsr\0java.util.ArrayListxÅ\“ô\«aù\0I\0sizexp\0\0\0w\0\0\0sr\0Borg.springframework.security.core.authority.SimpleGrantedAuthority\0\0\0\0\0\0&\0L\0rolet\0Ljava/lang/String;xpt\01sq\0~\0t\02xq\0~\0\rsr\0Horg.springframework.security.web.authentication.WebAuthenticationDetails\0\0\0\0\0\0&\0L\0\rremoteAddressq\0~\0L\0	sessionIdq\0~\0xpt\0	127.0.0.1pt\0{raw}123456t\0admin'),('5324f4de-de9f-4863-8c80-09bf9ad02fdf','SPRING_SECURITY_CONTEXT',_binary '¨\Ì\0sr\0=org.springframework.security.core.context.SecurityContextImpl\0\0\0\0\0\0&\0L\0authenticationt\02Lorg/springframework/security/core/Authentication;xpsr\0Oorg.springframework.security.authentication.UsernamePasswordAuthenticationToken\0\0\0\0\0\0&\0L\0credentialst\0Ljava/lang/Object;L\0	principalq\0~\0xr\0Gorg.springframework.security.authentication.AbstractAuthenticationToken”™(~nGd\0Z\0\rauthenticatedL\0authoritiest\0Ljava/util/Collection;L\0detailsq\0~\0xpsr\0&java.util.Collections$UnmodifiableList¸%1µ\Ïé\0L\0listt\0Ljava/util/List;xr\0,java.util.Collections$UnmodifiableCollectionB\0Ä\À^˜\0L\0cq\0~\0xpsr\0java.util.ArrayListxÅ\“ô\«aù\0I\0sizexp\0\0\0w\0\0\0sr\0Borg.springframework.security.core.authority.SimpleGrantedAuthority\0\0\0\0\0\0&\0L\0rolet\0Ljava/lang/String;xpt\01sq\0~\0t\02xq\0~\0\rsr\0Horg.springframework.security.web.authentication.WebAuthenticationDetails\0\0\0\0\0\0&\0L\0\rremoteAddressq\0~\0L\0	sessionIdq\0~\0xpt\0	127.0.0.1pt\0{raw}123456t\0admin'),('546cb549-1327-4076-b80e-a3cf57e6ecdb','SPRING_SECURITY_CONTEXT',_binary '¨\Ì\0sr\0=org.springframework.security.core.context.SecurityContextImpl\0\0\0\0\0\0&\0L\0authenticationt\02Lorg/springframework/security/core/Authentication;xpsr\0Oorg.springframework.security.authentication.UsernamePasswordAuthenticationToken\0\0\0\0\0\0&\0L\0credentialst\0Ljava/lang/Object;L\0	principalq\0~\0xr\0Gorg.springframework.security.authentication.AbstractAuthenticationToken”™(~nGd\0Z\0\rauthenticatedL\0authoritiest\0Ljava/util/Collection;L\0detailsq\0~\0xpsr\0&java.util.Collections$UnmodifiableList¸%1µ\Ïé\0L\0listt\0Ljava/util/List;xr\0,java.util.Collections$UnmodifiableCollectionB\0Ä\À^˜\0L\0cq\0~\0xpsr\0java.util.ArrayListxÅ\“ô\«aù\0I\0sizexp\0\0\0w\0\0\0sr\0Borg.springframework.security.core.authority.SimpleGrantedAuthority\0\0\0\0\0\0&\0L\0rolet\0Ljava/lang/String;xpt\01sq\0~\0t\02xq\0~\0\rsr\0Horg.springframework.security.web.authentication.WebAuthenticationDetails\0\0\0\0\0\0&\0L\0\rremoteAddressq\0~\0L\0	sessionIdq\0~\0xpt\0	127.0.0.1pt\0{raw}123456t\0admin'),('5c5200ea-14bf-4add-a69a-ea1ebfd76d61','SPRING_SECURITY_CONTEXT',_binary '¨\Ì\0sr\0=org.springframework.security.core.context.SecurityContextImpl\0\0\0\0\0\0&\0L\0authenticationt\02Lorg/springframework/security/core/Authentication;xpsr\0Oorg.springframework.security.authentication.UsernamePasswordAuthenticationToken\0\0\0\0\0\0&\0L\0credentialst\0Ljava/lang/Object;L\0	principalq\0~\0xr\0Gorg.springframework.security.authentication.AbstractAuthenticationToken”™(~nGd\0Z\0\rauthenticatedL\0authoritiest\0Ljava/util/Collection;L\0detailsq\0~\0xpsr\0&java.util.Collections$UnmodifiableList¸%1µ\Ïé\0L\0listt\0Ljava/util/List;xr\0,java.util.Collections$UnmodifiableCollectionB\0Ä\À^˜\0L\0cq\0~\0xpsr\0java.util.ArrayListxÅ\“ô\«aù\0I\0sizexp\0\0\0w\0\0\0sr\0Borg.springframework.security.core.authority.SimpleGrantedAuthority\0\0\0\0\0\0&\0L\0rolet\0Ljava/lang/String;xpt\01sq\0~\0t\02xq\0~\0\rsr\0Horg.springframework.security.web.authentication.WebAuthenticationDetails\0\0\0\0\0\0&\0L\0\rremoteAddressq\0~\0L\0	sessionIdq\0~\0xpt\0	127.0.0.1pt\0{raw}123456t\0admin'),('65e9feb5-ff18-42c0-8476-c37dca9039d0','SPRING_SECURITY_CONTEXT',_binary '¨\Ì\0sr\0=org.springframework.security.core.context.SecurityContextImpl\0\0\0\0\0\0&\0L\0authenticationt\02Lorg/springframework/security/core/Authentication;xpsr\0Oorg.springframework.security.authentication.UsernamePasswordAuthenticationToken\0\0\0\0\0\0&\0L\0credentialst\0Ljava/lang/Object;L\0	principalq\0~\0xr\0Gorg.springframework.security.authentication.AbstractAuthenticationToken”™(~nGd\0Z\0\rauthenticatedL\0authoritiest\0Ljava/util/Collection;L\0detailsq\0~\0xpsr\0&java.util.Collections$UnmodifiableList¸%1µ\Ïé\0L\0listt\0Ljava/util/List;xr\0,java.util.Collections$UnmodifiableCollectionB\0Ä\À^˜\0L\0cq\0~\0xpsr\0java.util.ArrayListxÅ\“ô\«aù\0I\0sizexp\0\0\0w\0\0\0sr\0Borg.springframework.security.core.authority.SimpleGrantedAuthority\0\0\0\0\0\0&\0L\0rolet\0Ljava/lang/String;xpt\01sq\0~\0t\02xq\0~\0\rsr\0Horg.springframework.security.web.authentication.WebAuthenticationDetails\0\0\0\0\0\0&\0L\0\rremoteAddressq\0~\0L\0	sessionIdq\0~\0xpt\0	127.0.0.1pt\0{raw}123456t\0admin'),('689a8ad5-3be6-44dd-8a1d-b0258fe1debb','SPRING_SECURITY_CONTEXT',_binary '¨\Ì\0sr\0=org.springframework.security.core.context.SecurityContextImpl\0\0\0\0\0\0&\0L\0authenticationt\02Lorg/springframework/security/core/Authentication;xpsr\0Oorg.springframework.security.authentication.UsernamePasswordAuthenticationToken\0\0\0\0\0\0&\0L\0credentialst\0Ljava/lang/Object;L\0	principalq\0~\0xr\0Gorg.springframework.security.authentication.AbstractAuthenticationToken”™(~nGd\0Z\0\rauthenticatedL\0authoritiest\0Ljava/util/Collection;L\0detailsq\0~\0xpsr\0&java.util.Collections$UnmodifiableList¸%1µ\Ïé\0L\0listt\0Ljava/util/List;xr\0,java.util.Collections$UnmodifiableCollectionB\0Ä\À^˜\0L\0cq\0~\0xpsr\0java.util.ArrayListxÅ\“ô\«aù\0I\0sizexp\0\0\0w\0\0\0sr\0Borg.springframework.security.core.authority.SimpleGrantedAuthority\0\0\0\0\0\0&\0L\0rolet\0Ljava/lang/String;xpt\01sq\0~\0t\02xq\0~\0\rsr\0Horg.springframework.security.web.authentication.WebAuthenticationDetails\0\0\0\0\0\0&\0L\0\rremoteAddressq\0~\0L\0	sessionIdq\0~\0xpt\0	127.0.0.1pt\0{raw}123456t\0admin'),('6e521224-e91f-47d6-aca9-aaa0a5b3e475','SPRING_SECURITY_CONTEXT',_binary '¨\Ì\0sr\0=org.springframework.security.core.context.SecurityContextImpl\0\0\0\0\0\0&\0L\0authenticationt\02Lorg/springframework/security/core/Authentication;xpsr\0Oorg.springframework.security.authentication.UsernamePasswordAuthenticationToken\0\0\0\0\0\0&\0L\0credentialst\0Ljava/lang/Object;L\0	principalq\0~\0xr\0Gorg.springframework.security.authentication.AbstractAuthenticationToken”™(~nGd\0Z\0\rauthenticatedL\0authoritiest\0Ljava/util/Collection;L\0detailsq\0~\0xpsr\0&java.util.Collections$UnmodifiableList¸%1µ\Ïé\0L\0listt\0Ljava/util/List;xr\0,java.util.Collections$UnmodifiableCollectionB\0Ä\À^˜\0L\0cq\0~\0xpsr\0java.util.ArrayListxÅ\“ô\«aù\0I\0sizexp\0\0\0w\0\0\0sr\0Borg.springframework.security.core.authority.SimpleGrantedAuthority\0\0\0\0\0\0&\0L\0rolet\0Ljava/lang/String;xpt\01sq\0~\0t\02xq\0~\0\rsr\0Horg.springframework.security.web.authentication.WebAuthenticationDetails\0\0\0\0\0\0&\0L\0\rremoteAddressq\0~\0L\0	sessionIdq\0~\0xpt\0	127.0.0.1pt\0{raw}123456t\0admin'),('7334084b-a2e2-45f0-b6a9-839317672fb2','SPRING_SECURITY_CONTEXT',_binary '¨\Ì\0sr\0=org.springframework.security.core.context.SecurityContextImpl\0\0\0\0\0\0&\0L\0authenticationt\02Lorg/springframework/security/core/Authentication;xpsr\0Oorg.springframework.security.authentication.UsernamePasswordAuthenticationToken\0\0\0\0\0\0&\0L\0credentialst\0Ljava/lang/Object;L\0	principalq\0~\0xr\0Gorg.springframework.security.authentication.AbstractAuthenticationToken”™(~nGd\0Z\0\rauthenticatedL\0authoritiest\0Ljava/util/Collection;L\0detailsq\0~\0xpsr\0&java.util.Collections$UnmodifiableList¸%1µ\Ïé\0L\0listt\0Ljava/util/List;xr\0,java.util.Collections$UnmodifiableCollectionB\0Ä\À^˜\0L\0cq\0~\0xpsr\0java.util.ArrayListxÅ\“ô\«aù\0I\0sizexp\0\0\0w\0\0\0sr\0Borg.springframework.security.core.authority.SimpleGrantedAuthority\0\0\0\0\0\0&\0L\0rolet\0Ljava/lang/String;xpt\01sq\0~\0t\02xq\0~\0\rsr\0Horg.springframework.security.web.authentication.WebAuthenticationDetails\0\0\0\0\0\0&\0L\0\rremoteAddressq\0~\0L\0	sessionIdq\0~\0xpt\0	127.0.0.1pt\0{raw}123456t\0admin'),('81f4dc77-bbd4-400d-b158-11b714417828','SPRING_SECURITY_CONTEXT',_binary '¨\Ì\0sr\0=org.springframework.security.core.context.SecurityContextImpl\0\0\0\0\0\0&\0L\0authenticationt\02Lorg/springframework/security/core/Authentication;xpsr\0Oorg.springframework.security.authentication.UsernamePasswordAuthenticationToken\0\0\0\0\0\0&\0L\0credentialst\0Ljava/lang/Object;L\0	principalq\0~\0xr\0Gorg.springframework.security.authentication.AbstractAuthenticationToken”™(~nGd\0Z\0\rauthenticatedL\0authoritiest\0Ljava/util/Collection;L\0detailsq\0~\0xpsr\0&java.util.Collections$UnmodifiableList¸%1µ\Ïé\0L\0listt\0Ljava/util/List;xr\0,java.util.Collections$UnmodifiableCollectionB\0Ä\À^˜\0L\0cq\0~\0xpsr\0java.util.ArrayListxÅ\“ô\«aù\0I\0sizexp\0\0\0w\0\0\0sr\0Borg.springframework.security.core.authority.SimpleGrantedAuthority\0\0\0\0\0\0&\0L\0rolet\0Ljava/lang/String;xpt\01sq\0~\0t\02xq\0~\0\rsr\0Horg.springframework.security.web.authentication.WebAuthenticationDetails\0\0\0\0\0\0&\0L\0\rremoteAddressq\0~\0L\0	sessionIdq\0~\0xpt\0	127.0.0.1pt\0{raw}123456t\0admin'),('84f7b2fe-6021-40bd-b0cb-cbc071eb529f','SPRING_SECURITY_CONTEXT',_binary '¨\Ì\0sr\0=org.springframework.security.core.context.SecurityContextImpl\0\0\0\0\0\0&\0L\0authenticationt\02Lorg/springframework/security/core/Authentication;xpsr\0Oorg.springframework.security.authentication.UsernamePasswordAuthenticationToken\0\0\0\0\0\0&\0L\0credentialst\0Ljava/lang/Object;L\0	principalq\0~\0xr\0Gorg.springframework.security.authentication.AbstractAuthenticationToken”™(~nGd\0Z\0\rauthenticatedL\0authoritiest\0Ljava/util/Collection;L\0detailsq\0~\0xpsr\0&java.util.Collections$UnmodifiableList¸%1µ\Ïé\0L\0listt\0Ljava/util/List;xr\0,java.util.Collections$UnmodifiableCollectionB\0Ä\À^˜\0L\0cq\0~\0xpsr\0java.util.ArrayListxÅ\“ô\«aù\0I\0sizexp\0\0\0w\0\0\0sr\0Borg.springframework.security.core.authority.SimpleGrantedAuthority\0\0\0\0\0\0&\0L\0rolet\0Ljava/lang/String;xpt\01sq\0~\0t\02xq\0~\0\rsr\0Horg.springframework.security.web.authentication.WebAuthenticationDetails\0\0\0\0\0\0&\0L\0\rremoteAddressq\0~\0L\0	sessionIdq\0~\0xpt\0	127.0.0.1pt\0{raw}123456t\0admin'),('89b244bb-959b-4d0f-b605-ec20972a7570','SPRING_SECURITY_CONTEXT',_binary '¨\Ì\0sr\0=org.springframework.security.core.context.SecurityContextImpl\0\0\0\0\0\0&\0L\0authenticationt\02Lorg/springframework/security/core/Authentication;xpsr\0Oorg.springframework.security.authentication.UsernamePasswordAuthenticationToken\0\0\0\0\0\0&\0L\0credentialst\0Ljava/lang/Object;L\0	principalq\0~\0xr\0Gorg.springframework.security.authentication.AbstractAuthenticationToken”™(~nGd\0Z\0\rauthenticatedL\0authoritiest\0Ljava/util/Collection;L\0detailsq\0~\0xpsr\0&java.util.Collections$UnmodifiableList¸%1µ\Ïé\0L\0listt\0Ljava/util/List;xr\0,java.util.Collections$UnmodifiableCollectionB\0Ä\À^˜\0L\0cq\0~\0xpsr\0java.util.ArrayListxÅ\“ô\«aù\0I\0sizexp\0\0\0w\0\0\0sr\0Borg.springframework.security.core.authority.SimpleGrantedAuthority\0\0\0\0\0\0&\0L\0rolet\0Ljava/lang/String;xpt\01sq\0~\0t\02xq\0~\0\rsr\0Horg.springframework.security.web.authentication.WebAuthenticationDetails\0\0\0\0\0\0&\0L\0\rremoteAddressq\0~\0L\0	sessionIdq\0~\0xpt\0	127.0.0.1pt\0{raw}123456t\0admin'),('9311815b-a839-49e4-a9bb-8a5dddf1e77b','SPRING_SECURITY_CONTEXT',_binary '¨\Ì\0sr\0=org.springframework.security.core.context.SecurityContextImpl\0\0\0\0\0\0&\0L\0authenticationt\02Lorg/springframework/security/core/Authentication;xpsr\0Oorg.springframework.security.authentication.UsernamePasswordAuthenticationToken\0\0\0\0\0\0&\0L\0credentialst\0Ljava/lang/Object;L\0	principalq\0~\0xr\0Gorg.springframework.security.authentication.AbstractAuthenticationToken”™(~nGd\0Z\0\rauthenticatedL\0authoritiest\0Ljava/util/Collection;L\0detailsq\0~\0xpsr\0&java.util.Collections$UnmodifiableList¸%1µ\Ïé\0L\0listt\0Ljava/util/List;xr\0,java.util.Collections$UnmodifiableCollectionB\0Ä\À^˜\0L\0cq\0~\0xpsr\0java.util.ArrayListxÅ\“ô\«aù\0I\0sizexp\0\0\0w\0\0\0sr\0Borg.springframework.security.core.authority.SimpleGrantedAuthority\0\0\0\0\0\0&\0L\0rolet\0Ljava/lang/String;xpt\01sq\0~\0t\02xq\0~\0\rsr\0Horg.springframework.security.web.authentication.WebAuthenticationDetails\0\0\0\0\0\0&\0L\0\rremoteAddressq\0~\0L\0	sessionIdq\0~\0xpt\0	127.0.0.1pt\0{raw}123456t\0admin'),('a501e85c-7644-4b28-8f4f-73bd9b776ebc','SPRING_SECURITY_CONTEXT',_binary '¨\Ì\0sr\0=org.springframework.security.core.context.SecurityContextImpl\0\0\0\0\0\0&\0L\0authenticationt\02Lorg/springframework/security/core/Authentication;xpsr\0Oorg.springframework.security.authentication.UsernamePasswordAuthenticationToken\0\0\0\0\0\0&\0L\0credentialst\0Ljava/lang/Object;L\0	principalq\0~\0xr\0Gorg.springframework.security.authentication.AbstractAuthenticationToken”™(~nGd\0Z\0\rauthenticatedL\0authoritiest\0Ljava/util/Collection;L\0detailsq\0~\0xpsr\0&java.util.Collections$UnmodifiableList¸%1µ\Ïé\0L\0listt\0Ljava/util/List;xr\0,java.util.Collections$UnmodifiableCollectionB\0Ä\À^˜\0L\0cq\0~\0xpsr\0java.util.ArrayListxÅ\“ô\«aù\0I\0sizexp\0\0\0w\0\0\0sr\0Borg.springframework.security.core.authority.SimpleGrantedAuthority\0\0\0\0\0\0&\0L\0rolet\0Ljava/lang/String;xpt\01sq\0~\0t\02xq\0~\0\rsr\0Horg.springframework.security.web.authentication.WebAuthenticationDetails\0\0\0\0\0\0&\0L\0\rremoteAddressq\0~\0L\0	sessionIdq\0~\0xpt\0	127.0.0.1pt\0{raw}123456t\0admin'),('adbba789-c196-43f5-8674-f3ac13722a5a','SPRING_SECURITY_CONTEXT',_binary '¨\Ì\0sr\0=org.springframework.security.core.context.SecurityContextImpl\0\0\0\0\0\0&\0L\0authenticationt\02Lorg/springframework/security/core/Authentication;xpsr\0Oorg.springframework.security.authentication.UsernamePasswordAuthenticationToken\0\0\0\0\0\0&\0L\0credentialst\0Ljava/lang/Object;L\0	principalq\0~\0xr\0Gorg.springframework.security.authentication.AbstractAuthenticationToken”™(~nGd\0Z\0\rauthenticatedL\0authoritiest\0Ljava/util/Collection;L\0detailsq\0~\0xpsr\0&java.util.Collections$UnmodifiableList¸%1µ\Ïé\0L\0listt\0Ljava/util/List;xr\0,java.util.Collections$UnmodifiableCollectionB\0Ä\À^˜\0L\0cq\0~\0xpsr\0java.util.ArrayListxÅ\“ô\«aù\0I\0sizexp\0\0\0w\0\0\0sr\0Borg.springframework.security.core.authority.SimpleGrantedAuthority\0\0\0\0\0\0&\0L\0rolet\0Ljava/lang/String;xpt\01sq\0~\0t\02xq\0~\0\rsr\0Horg.springframework.security.web.authentication.WebAuthenticationDetails\0\0\0\0\0\0&\0L\0\rremoteAddressq\0~\0L\0	sessionIdq\0~\0xpt\0	127.0.0.1pt\0{raw}123456t\0admin'),('b7d3a1c5-aaf1-42cf-9909-248d79a1a048','SPRING_SECURITY_CONTEXT',_binary '¨\Ì\0sr\0=org.springframework.security.core.context.SecurityContextImpl\0\0\0\0\0\0&\0L\0authenticationt\02Lorg/springframework/security/core/Authentication;xpsr\0Oorg.springframework.security.authentication.UsernamePasswordAuthenticationToken\0\0\0\0\0\0&\0L\0credentialst\0Ljava/lang/Object;L\0	principalq\0~\0xr\0Gorg.springframework.security.authentication.AbstractAuthenticationToken”™(~nGd\0Z\0\rauthenticatedL\0authoritiest\0Ljava/util/Collection;L\0detailsq\0~\0xpsr\0&java.util.Collections$UnmodifiableList¸%1µ\Ïé\0L\0listt\0Ljava/util/List;xr\0,java.util.Collections$UnmodifiableCollectionB\0Ä\À^˜\0L\0cq\0~\0xpsr\0java.util.ArrayListxÅ\“ô\«aù\0I\0sizexp\0\0\0w\0\0\0sr\0Borg.springframework.security.core.authority.SimpleGrantedAuthority\0\0\0\0\0\0&\0L\0rolet\0Ljava/lang/String;xpt\01sq\0~\0t\02xq\0~\0\rsr\0Horg.springframework.security.web.authentication.WebAuthenticationDetails\0\0\0\0\0\0&\0L\0\rremoteAddressq\0~\0L\0	sessionIdq\0~\0xpt\0	127.0.0.1pt\0{raw}123456t\0admin'),('bdf02726-a559-4586-aa08-5f37203f8306','SPRING_SECURITY_CONTEXT',_binary '¨\Ì\0sr\0=org.springframework.security.core.context.SecurityContextImpl\0\0\0\0\0\0&\0L\0authenticationt\02Lorg/springframework/security/core/Authentication;xpsr\0Oorg.springframework.security.authentication.UsernamePasswordAuthenticationToken\0\0\0\0\0\0&\0L\0credentialst\0Ljava/lang/Object;L\0	principalq\0~\0xr\0Gorg.springframework.security.authentication.AbstractAuthenticationToken”™(~nGd\0Z\0\rauthenticatedL\0authoritiest\0Ljava/util/Collection;L\0detailsq\0~\0xpsr\0&java.util.Collections$UnmodifiableList¸%1µ\Ïé\0L\0listt\0Ljava/util/List;xr\0,java.util.Collections$UnmodifiableCollectionB\0Ä\À^˜\0L\0cq\0~\0xpsr\0java.util.ArrayListxÅ\“ô\«aù\0I\0sizexp\0\0\0w\0\0\0sr\0Borg.springframework.security.core.authority.SimpleGrantedAuthority\0\0\0\0\0\0&\0L\0rolet\0Ljava/lang/String;xpt\01sq\0~\0t\02xq\0~\0\rsr\0Horg.springframework.security.web.authentication.WebAuthenticationDetails\0\0\0\0\0\0&\0L\0\rremoteAddressq\0~\0L\0	sessionIdq\0~\0xpt\0	127.0.0.1pt\0{raw}123456t\0admin'),('ce7cab0e-2e78-4f86-b0b3-4f15ad2c8c8a','SPRING_SECURITY_CONTEXT',_binary '¨\Ì\0sr\0=org.springframework.security.core.context.SecurityContextImpl\0\0\0\0\0\0&\0L\0authenticationt\02Lorg/springframework/security/core/Authentication;xpsr\0Oorg.springframework.security.authentication.UsernamePasswordAuthenticationToken\0\0\0\0\0\0&\0L\0credentialst\0Ljava/lang/Object;L\0	principalq\0~\0xr\0Gorg.springframework.security.authentication.AbstractAuthenticationToken”™(~nGd\0Z\0\rauthenticatedL\0authoritiest\0Ljava/util/Collection;L\0detailsq\0~\0xpsr\0&java.util.Collections$UnmodifiableList¸%1µ\Ïé\0L\0listt\0Ljava/util/List;xr\0,java.util.Collections$UnmodifiableCollectionB\0Ä\À^˜\0L\0cq\0~\0xpsr\0java.util.ArrayListxÅ\“ô\«aù\0I\0sizexp\0\0\0w\0\0\0sr\0Borg.springframework.security.core.authority.SimpleGrantedAuthority\0\0\0\0\0\0&\0L\0rolet\0Ljava/lang/String;xpt\01sq\0~\0t\02xq\0~\0\rsr\0Horg.springframework.security.web.authentication.WebAuthenticationDetails\0\0\0\0\0\0&\0L\0\rremoteAddressq\0~\0L\0	sessionIdq\0~\0xpt\0	127.0.0.1pt\0{raw}123456t\0admin'),('db2f9316-e9a1-42cb-a08e-c986946753ad','SPRING_SECURITY_CONTEXT',_binary '¨\Ì\0sr\0=org.springframework.security.core.context.SecurityContextImpl\0\0\0\0\0\0&\0L\0authenticationt\02Lorg/springframework/security/core/Authentication;xpsr\0Oorg.springframework.security.authentication.UsernamePasswordAuthenticationToken\0\0\0\0\0\0&\0L\0credentialst\0Ljava/lang/Object;L\0	principalq\0~\0xr\0Gorg.springframework.security.authentication.AbstractAuthenticationToken”™(~nGd\0Z\0\rauthenticatedL\0authoritiest\0Ljava/util/Collection;L\0detailsq\0~\0xpsr\0&java.util.Collections$UnmodifiableList¸%1µ\Ïé\0L\0listt\0Ljava/util/List;xr\0,java.util.Collections$UnmodifiableCollectionB\0Ä\À^˜\0L\0cq\0~\0xpsr\0java.util.ArrayListxÅ\“ô\«aù\0I\0sizexp\0\0\0w\0\0\0sr\0Borg.springframework.security.core.authority.SimpleGrantedAuthority\0\0\0\0\0\0&\0L\0rolet\0Ljava/lang/String;xpt\01sq\0~\0t\02xq\0~\0\rsr\0Horg.springframework.security.web.authentication.WebAuthenticationDetails\0\0\0\0\0\0&\0L\0\rremoteAddressq\0~\0L\0	sessionIdq\0~\0xpt\0	127.0.0.1pt\0{raw}123456t\0admin'),('dbe09300-2da2-42f1-8b5f-07044ff6daa6','SPRING_SECURITY_CONTEXT',_binary '¨\Ì\0sr\0=org.springframework.security.core.context.SecurityContextImpl\0\0\0\0\0\0&\0L\0authenticationt\02Lorg/springframework/security/core/Authentication;xpsr\0Oorg.springframework.security.authentication.UsernamePasswordAuthenticationToken\0\0\0\0\0\0&\0L\0credentialst\0Ljava/lang/Object;L\0	principalq\0~\0xr\0Gorg.springframework.security.authentication.AbstractAuthenticationToken”™(~nGd\0Z\0\rauthenticatedL\0authoritiest\0Ljava/util/Collection;L\0detailsq\0~\0xpsr\0&java.util.Collections$UnmodifiableList¸%1µ\Ïé\0L\0listt\0Ljava/util/List;xr\0,java.util.Collections$UnmodifiableCollectionB\0Ä\À^˜\0L\0cq\0~\0xpsr\0java.util.ArrayListxÅ\“ô\«aù\0I\0sizexp\0\0\0w\0\0\0sr\0Borg.springframework.security.core.authority.SimpleGrantedAuthority\0\0\0\0\0\0&\0L\0rolet\0Ljava/lang/String;xpt\01sq\0~\0t\02xq\0~\0\rsr\0Horg.springframework.security.web.authentication.WebAuthenticationDetails\0\0\0\0\0\0&\0L\0\rremoteAddressq\0~\0L\0	sessionIdq\0~\0xpt\0	127.0.0.1pt\0{raw}123456t\0admin'),('f1674775-2e0d-44ff-9e96-a7b47f33f132','SPRING_SECURITY_CONTEXT',_binary '¨\Ì\0sr\0=org.springframework.security.core.context.SecurityContextImpl\0\0\0\0\0\0&\0L\0authenticationt\02Lorg/springframework/security/core/Authentication;xpsr\0Oorg.springframework.security.authentication.UsernamePasswordAuthenticationToken\0\0\0\0\0\0&\0L\0credentialst\0Ljava/lang/Object;L\0	principalq\0~\0xr\0Gorg.springframework.security.authentication.AbstractAuthenticationToken”™(~nGd\0Z\0\rauthenticatedL\0authoritiest\0Ljava/util/Collection;L\0detailsq\0~\0xpsr\0&java.util.Collections$UnmodifiableList¸%1µ\Ïé\0L\0listt\0Ljava/util/List;xr\0,java.util.Collections$UnmodifiableCollectionB\0Ä\À^˜\0L\0cq\0~\0xpsr\0java.util.ArrayListxÅ\“ô\«aù\0I\0sizexp\0\0\0w\0\0\0sr\0Borg.springframework.security.core.authority.SimpleGrantedAuthority\0\0\0\0\0\0&\0L\0rolet\0Ljava/lang/String;xpt\01sq\0~\0t\02xq\0~\0\rsr\0Horg.springframework.security.web.authentication.WebAuthenticationDetails\0\0\0\0\0\0&\0L\0\rremoteAddressq\0~\0L\0	sessionIdq\0~\0xpt\0	127.0.0.1pt\0{raw}123456t\0admin'),('fbd1ae83-8899-42c9-b9c4-0cca54fa803c','SPRING_SECURITY_CONTEXT',_binary '¨\Ì\0sr\0=org.springframework.security.core.context.SecurityContextImpl\0\0\0\0\0\0&\0L\0authenticationt\02Lorg/springframework/security/core/Authentication;xpsr\0Oorg.springframework.security.authentication.UsernamePasswordAuthenticationToken\0\0\0\0\0\0&\0L\0credentialst\0Ljava/lang/Object;L\0	principalq\0~\0xr\0Gorg.springframework.security.authentication.AbstractAuthenticationToken”™(~nGd\0Z\0\rauthenticatedL\0authoritiest\0Ljava/util/Collection;L\0detailsq\0~\0xpsr\0&java.util.Collections$UnmodifiableList¸%1µ\Ïé\0L\0listt\0Ljava/util/List;xr\0,java.util.Collections$UnmodifiableCollectionB\0Ä\À^˜\0L\0cq\0~\0xpsr\0java.util.ArrayListxÅ\“ô\«aù\0I\0sizexp\0\0\0w\0\0\0sr\0Borg.springframework.security.core.authority.SimpleGrantedAuthority\0\0\0\0\0\0&\0L\0rolet\0Ljava/lang/String;xpt\01sq\0~\0t\02xq\0~\0\rsr\0Horg.springframework.security.web.authentication.WebAuthenticationDetails\0\0\0\0\0\0&\0L\0\rremoteAddressq\0~\0L\0	sessionIdq\0~\0xpt\0	127.0.0.1pt\0{raw}123456t\0admin'),('ff42389c-ffcb-4cb1-b56f-d26a60911d67','SPRING_SECURITY_CONTEXT',_binary '¨\Ì\0sr\0=org.springframework.security.core.context.SecurityContextImpl\0\0\0\0\0\0&\0L\0authenticationt\02Lorg/springframework/security/core/Authentication;xpsr\0Oorg.springframework.security.authentication.UsernamePasswordAuthenticationToken\0\0\0\0\0\0&\0L\0credentialst\0Ljava/lang/Object;L\0	principalq\0~\0xr\0Gorg.springframework.security.authentication.AbstractAuthenticationToken”™(~nGd\0Z\0\rauthenticatedL\0authoritiest\0Ljava/util/Collection;L\0detailsq\0~\0xpsr\0&java.util.Collections$UnmodifiableList¸%1µ\Ïé\0L\0listt\0Ljava/util/List;xr\0,java.util.Collections$UnmodifiableCollectionB\0Ä\À^˜\0L\0cq\0~\0xpsr\0java.util.ArrayListxÅ\“ô\«aù\0I\0sizexp\0\0\0w\0\0\0sr\0Borg.springframework.security.core.authority.SimpleGrantedAuthority\0\0\0\0\0\0&\0L\0rolet\0Ljava/lang/String;xpt\01sq\0~\0t\02xq\0~\0\rsr\0Horg.springframework.security.web.authentication.WebAuthenticationDetails\0\0\0\0\0\0&\0L\0\rremoteAddressq\0~\0L\0	sessionIdq\0~\0xpt\0	127.0.0.1pt\0{raw}123456t\0admin');
/*!40000 ALTER TABLE `spring_session_attributes` ENABLE KEYS */;
UNLOCK TABLES;

--
-- Dumping events for database 'phoenix-v2'
--

--
-- Dumping routines for database 'phoenix-v2'
--
/*!40103 SET TIME_ZONE=@OLD_TIME_ZONE */;

/*!40101 SET SQL_MODE=@OLD_SQL_MODE */;
/*!40014 SET FOREIGN_KEY_CHECKS=@OLD_FOREIGN_KEY_CHECKS */;
/*!40014 SET UNIQUE_CHECKS=@OLD_UNIQUE_CHECKS */;
/*!40101 SET CHARACTER_SET_CLIENT=@OLD_CHARACTER_SET_CLIENT */;
/*!40101 SET CHARACTER_SET_RESULTS=@OLD_CHARACTER_SET_RESULTS */;
/*!40101 SET COLLATION_CONNECTION=@OLD_COLLATION_CONNECTION */;
/*!40111 SET SQL_NOTES=@OLD_SQL_NOTES */;

-- Dump completed on 2021-08-31 23:53:21
